--
-- PostgreSQL database dump
--

\restrict eLWY2aVUSS2crHBuzB5jy16byavvYpOvEDSElVdxVn3uoBHCII2TR85iSjB10T5

-- Dumped from database version 18.1
-- Dumped by pg_dump version 18.1

SET statement_timeout = 0;
SET lock_timeout = 0;
SET idle_in_transaction_session_timeout = 0;
SET transaction_timeout = 0;
SET client_encoding = 'UTF8';
SET standard_conforming_strings = on;
SELECT pg_catalog.set_config('search_path', '', false);
SET check_function_bodies = false;
SET xmloption = content;
SET client_min_messages = warning;
SET row_security = off;

SET default_tablespace = '';

SET default_table_access_method = heap;

--
-- Name: auth_group; Type: TABLE; Schema: public; Owner: ecommerce_admin
--

CREATE TABLE public.auth_group (
    id integer NOT NULL,
    name character varying(150) NOT NULL
);


ALTER TABLE public.auth_group OWNER TO ecommerce_admin;

--
-- Name: auth_group_id_seq; Type: SEQUENCE; Schema: public; Owner: ecommerce_admin
--

ALTER TABLE public.auth_group ALTER COLUMN id ADD GENERATED BY DEFAULT AS IDENTITY (
    SEQUENCE NAME public.auth_group_id_seq
    START WITH 1
    INCREMENT BY 1
    NO MINVALUE
    NO MAXVALUE
    CACHE 1
);


--
-- Name: auth_group_permissions; Type: TABLE; Schema: public; Owner: ecommerce_admin
--

CREATE TABLE public.auth_group_permissions (
    id bigint NOT NULL,
    group_id integer NOT NULL,
    permission_id integer NOT NULL
);


ALTER TABLE public.auth_group_permissions OWNER TO ecommerce_admin;

--
-- Name: auth_group_permissions_id_seq; Type: SEQUENCE; Schema: public; Owner: ecommerce_admin
--

ALTER TABLE public.auth_group_permissions ALTER COLUMN id ADD GENERATED BY DEFAULT AS IDENTITY (
    SEQUENCE NAME public.auth_group_permissions_id_seq
    START WITH 1
    INCREMENT BY 1
    NO MINVALUE
    NO MAXVALUE
    CACHE 1
);


--
-- Name: auth_permission; Type: TABLE; Schema: public; Owner: ecommerce_admin
--

CREATE TABLE public.auth_permission (
    id integer NOT NULL,
    name character varying(255) NOT NULL,
    content_type_id integer NOT NULL,
    codename character varying(100) NOT NULL
);


ALTER TABLE public.auth_permission OWNER TO ecommerce_admin;

--
-- Name: auth_permission_id_seq; Type: SEQUENCE; Schema: public; Owner: ecommerce_admin
--

ALTER TABLE public.auth_permission ALTER COLUMN id ADD GENERATED BY DEFAULT AS IDENTITY (
    SEQUENCE NAME public.auth_permission_id_seq
    START WITH 1
    INCREMENT BY 1
    NO MINVALUE
    NO MAXVALUE
    CACHE 1
);


--
-- Name: auth_user; Type: TABLE; Schema: public; Owner: ecommerce_admin
--

CREATE TABLE public.auth_user (
    id integer NOT NULL,
    password character varying(128) NOT NULL,
    last_login timestamp with time zone,
    is_superuser boolean NOT NULL,
    username character varying(150) NOT NULL,
    first_name character varying(150) NOT NULL,
    last_name character varying(150) NOT NULL,
    email character varying(254) NOT NULL,
    is_staff boolean NOT NULL,
    is_active boolean NOT NULL,
    date_joined timestamp with time zone NOT NULL
);


ALTER TABLE public.auth_user OWNER TO ecommerce_admin;

--
-- Name: auth_user_groups; Type: TABLE; Schema: public; Owner: ecommerce_admin
--

CREATE TABLE public.auth_user_groups (
    id bigint NOT NULL,
    user_id integer NOT NULL,
    group_id integer NOT NULL
);


ALTER TABLE public.auth_user_groups OWNER TO ecommerce_admin;

--
-- Name: auth_user_groups_id_seq; Type: SEQUENCE; Schema: public; Owner: ecommerce_admin
--

ALTER TABLE public.auth_user_groups ALTER COLUMN id ADD GENERATED BY DEFAULT AS IDENTITY (
    SEQUENCE NAME public.auth_user_groups_id_seq
    START WITH 1
    INCREMENT BY 1
    NO MINVALUE
    NO MAXVALUE
    CACHE 1
);


--
-- Name: auth_user_id_seq; Type: SEQUENCE; Schema: public; Owner: ecommerce_admin
--

ALTER TABLE public.auth_user ALTER COLUMN id ADD GENERATED BY DEFAULT AS IDENTITY (
    SEQUENCE NAME public.auth_user_id_seq
    START WITH 1
    INCREMENT BY 1
    NO MINVALUE
    NO MAXVALUE
    CACHE 1
);


--
-- Name: auth_user_user_permissions; Type: TABLE; Schema: public; Owner: ecommerce_admin
--

CREATE TABLE public.auth_user_user_permissions (
    id bigint NOT NULL,
    user_id integer NOT NULL,
    permission_id integer NOT NULL
);


ALTER TABLE public.auth_user_user_permissions OWNER TO ecommerce_admin;

--
-- Name: auth_user_user_permissions_id_seq; Type: SEQUENCE; Schema: public; Owner: ecommerce_admin
--

ALTER TABLE public.auth_user_user_permissions ALTER COLUMN id ADD GENERATED BY DEFAULT AS IDENTITY (
    SEQUENCE NAME public.auth_user_user_permissions_id_seq
    START WITH 1
    INCREMENT BY 1
    NO MINVALUE
    NO MAXVALUE
    CACHE 1
);


--
-- Name: core_carrito; Type: TABLE; Schema: public; Owner: ecommerce_admin
--

CREATE TABLE public.core_carrito (
    id bigint NOT NULL,
    creado_en timestamp with time zone NOT NULL,
    actualizado_en timestamp with time zone NOT NULL,
    usuario_id integer
);


ALTER TABLE public.core_carrito OWNER TO ecommerce_admin;

--
-- Name: core_carrito_id_seq; Type: SEQUENCE; Schema: public; Owner: ecommerce_admin
--

ALTER TABLE public.core_carrito ALTER COLUMN id ADD GENERATED BY DEFAULT AS IDENTITY (
    SEQUENCE NAME public.core_carrito_id_seq
    START WITH 1
    INCREMENT BY 1
    NO MINVALUE
    NO MAXVALUE
    CACHE 1
);


--
-- Name: core_itemcarrito; Type: TABLE; Schema: public; Owner: ecommerce_admin
--

CREATE TABLE public.core_itemcarrito (
    id bigint NOT NULL,
    cantidad integer NOT NULL,
    agregado_en timestamp with time zone NOT NULL,
    carrito_id bigint NOT NULL,
    producto_id bigint NOT NULL,
    CONSTRAINT core_itemcarrito_cantidad_check CHECK ((cantidad >= 0))
);


ALTER TABLE public.core_itemcarrito OWNER TO ecommerce_admin;

--
-- Name: core_itemcarrito_id_seq; Type: SEQUENCE; Schema: public; Owner: ecommerce_admin
--

ALTER TABLE public.core_itemcarrito ALTER COLUMN id ADD GENERATED BY DEFAULT AS IDENTITY (
    SEQUENCE NAME public.core_itemcarrito_id_seq
    START WITH 1
    INCREMENT BY 1
    NO MINVALUE
    NO MAXVALUE
    CACHE 1
);


--
-- Name: core_producto; Type: TABLE; Schema: public; Owner: ecommerce_admin
--

CREATE TABLE public.core_producto (
    id bigint NOT NULL,
    nombre character varying(100) NOT NULL,
    precio integer NOT NULL,
    descripcion text NOT NULL,
    icono character varying(10),
    es_vip boolean NOT NULL,
    imagen character varying(100),
    orden integer NOT NULL
);


ALTER TABLE public.core_producto OWNER TO ecommerce_admin;

--
-- Name: core_producto_id_seq; Type: SEQUENCE; Schema: public; Owner: ecommerce_admin
--

ALTER TABLE public.core_producto ALTER COLUMN id ADD GENERATED BY DEFAULT AS IDENTITY (
    SEQUENCE NAME public.core_producto_id_seq
    START WITH 1
    INCREMENT BY 1
    NO MINVALUE
    NO MAXVALUE
    CACHE 1
);


--
-- Name: django_admin_log; Type: TABLE; Schema: public; Owner: ecommerce_admin
--

CREATE TABLE public.django_admin_log (
    id integer NOT NULL,
    action_time timestamp with time zone NOT NULL,
    object_id text,
    object_repr character varying(200) NOT NULL,
    action_flag smallint NOT NULL,
    change_message text NOT NULL,
    content_type_id integer,
    user_id integer NOT NULL,
    CONSTRAINT django_admin_log_action_flag_check CHECK ((action_flag >= 0))
);


ALTER TABLE public.django_admin_log OWNER TO ecommerce_admin;

--
-- Name: django_admin_log_id_seq; Type: SEQUENCE; Schema: public; Owner: ecommerce_admin
--

ALTER TABLE public.django_admin_log ALTER COLUMN id ADD GENERATED BY DEFAULT AS IDENTITY (
    SEQUENCE NAME public.django_admin_log_id_seq
    START WITH 1
    INCREMENT BY 1
    NO MINVALUE
    NO MAXVALUE
    CACHE 1
);


--
-- Name: django_content_type; Type: TABLE; Schema: public; Owner: ecommerce_admin
--

CREATE TABLE public.django_content_type (
    id integer NOT NULL,
    app_label character varying(100) NOT NULL,
    model character varying(100) NOT NULL
);


ALTER TABLE public.django_content_type OWNER TO ecommerce_admin;

--
-- Name: django_content_type_id_seq; Type: SEQUENCE; Schema: public; Owner: ecommerce_admin
--

ALTER TABLE public.django_content_type ALTER COLUMN id ADD GENERATED BY DEFAULT AS IDENTITY (
    SEQUENCE NAME public.django_content_type_id_seq
    START WITH 1
    INCREMENT BY 1
    NO MINVALUE
    NO MAXVALUE
    CACHE 1
);


--
-- Name: django_migrations; Type: TABLE; Schema: public; Owner: ecommerce_admin
--

CREATE TABLE public.django_migrations (
    id bigint NOT NULL,
    app character varying(255) NOT NULL,
    name character varying(255) NOT NULL,
    applied timestamp with time zone NOT NULL
);


ALTER TABLE public.django_migrations OWNER TO ecommerce_admin;

--
-- Name: django_migrations_id_seq; Type: SEQUENCE; Schema: public; Owner: ecommerce_admin
--

ALTER TABLE public.django_migrations ALTER COLUMN id ADD GENERATED BY DEFAULT AS IDENTITY (
    SEQUENCE NAME public.django_migrations_id_seq
    START WITH 1
    INCREMENT BY 1
    NO MINVALUE
    NO MAXVALUE
    CACHE 1
);


--
-- Name: django_session; Type: TABLE; Schema: public; Owner: ecommerce_admin
--

CREATE TABLE public.django_session (
    session_key character varying(40) NOT NULL,
    session_data text NOT NULL,
    expire_date timestamp with time zone NOT NULL
);


ALTER TABLE public.django_session OWNER TO ecommerce_admin;

--
-- Data for Name: auth_group; Type: TABLE DATA; Schema: public; Owner: ecommerce_admin
--

COPY public.auth_group (id, name) FROM stdin;
\.


--
-- Data for Name: auth_group_permissions; Type: TABLE DATA; Schema: public; Owner: ecommerce_admin
--

COPY public.auth_group_permissions (id, group_id, permission_id) FROM stdin;
\.


--
-- Data for Name: auth_permission; Type: TABLE DATA; Schema: public; Owner: ecommerce_admin
--

COPY public.auth_permission (id, name, content_type_id, codename) FROM stdin;
1	Can add log entry	1	add_logentry
2	Can change log entry	1	change_logentry
3	Can delete log entry	1	delete_logentry
4	Can view log entry	1	view_logentry
5	Can add permission	3	add_permission
6	Can change permission	3	change_permission
7	Can delete permission	3	delete_permission
8	Can view permission	3	view_permission
9	Can add group	2	add_group
10	Can change group	2	change_group
11	Can delete group	2	delete_group
12	Can view group	2	view_group
13	Can add user	4	add_user
14	Can change user	4	change_user
15	Can delete user	4	delete_user
16	Can view user	4	view_user
17	Can add content type	5	add_contenttype
18	Can change content type	5	change_contenttype
19	Can delete content type	5	delete_contenttype
20	Can view content type	5	view_contenttype
21	Can add session	6	add_session
22	Can change session	6	change_session
23	Can delete session	6	delete_session
24	Can view session	6	view_session
25	Can add producto	7	add_producto
26	Can change producto	7	change_producto
27	Can delete producto	7	delete_producto
28	Can view producto	7	view_producto
29	Can add Item del Carrito	9	add_itemcarrito
30	Can change Item del Carrito	9	change_itemcarrito
31	Can delete Item del Carrito	9	delete_itemcarrito
32	Can view Item del Carrito	9	view_itemcarrito
33	Can add Carrito	8	add_carrito
34	Can change Carrito	8	change_carrito
35	Can delete Carrito	8	delete_carrito
36	Can view Carrito	8	view_carrito
\.


--
-- Data for Name: auth_user; Type: TABLE DATA; Schema: public; Owner: ecommerce_admin
--

COPY public.auth_user (id, password, last_login, is_superuser, username, first_name, last_name, email, is_staff, is_active, date_joined) FROM stdin;
3	pbkdf2_sha256$1200000$jPqAy9qMDFdFhUIJ6hDYCx$5QzM1sG2YTD0w5L03SamJCNer3laC++ywjtpOBXqlI8=	2026-02-26 20:19:19.919761-03	f	user2				f	t	2026-02-26 20:04:52-03
2	pbkdf2_sha256$1200000$O5Gx3yKItzq15EdWuFNTuk$FbzcU66i4OERaad+CXb6DfXii2VxHfdqGHkgRQFvne8=	2026-02-27 02:47:18.33097-03	f	user1				f	t	2026-02-25 21:18:53.478032-03
1	pbkdf2_sha256$1200000$DzGhbqoNxDGzVJOVRAkRMX$b2InlIprEMkB3LGWllpn4UKhL1lC6UqvioPlQcAme9Y=	2026-03-03 21:00:21.237027-03	t	admin			admin@ecomm.cl	t	t	2026-02-25 21:13:13.211655-03
\.


--
-- Data for Name: auth_user_groups; Type: TABLE DATA; Schema: public; Owner: ecommerce_admin
--

COPY public.auth_user_groups (id, user_id, group_id) FROM stdin;
\.


--
-- Data for Name: auth_user_user_permissions; Type: TABLE DATA; Schema: public; Owner: ecommerce_admin
--

COPY public.auth_user_user_permissions (id, user_id, permission_id) FROM stdin;
28	3	28
\.


--
-- Data for Name: core_carrito; Type: TABLE DATA; Schema: public; Owner: ecommerce_admin
--

COPY public.core_carrito (id, creado_en, actualizado_en, usuario_id) FROM stdin;
1	2026-02-27 02:32:14.66152-03	2026-02-27 02:33:19.347735-03	1
\.


--
-- Data for Name: core_itemcarrito; Type: TABLE DATA; Schema: public; Owner: ecommerce_admin
--

COPY public.core_itemcarrito (id, cantidad, agregado_en, carrito_id, producto_id) FROM stdin;
2	1	2026-02-28 00:04:43.922502-03	1	12
\.


--
-- Data for Name: core_producto; Type: TABLE DATA; Schema: public; Owner: ecommerce_admin
--

COPY public.core_producto (id, nombre, precio, descripcion, icono, es_vip, imagen, orden) FROM stdin;
4	Ron Añejo Especial	6500	Sabor suave con notas de vainilla y caramelo.	🍹	f	\N	0
5	Pisco Reservado 40°	5990	Perfecto para la piscola del fin de semana.	🧊	f	\N	0
7	Vino Sauvignon Blanc	4500	Vino blanco fresco y frutal.	🥂	f	\N	0
8	Whisky 3 Años	9990	Blend escocés tradicional y muy versátil.	🥃	f	\N	0
9	Tequila Reposado	12500	Suave tequila mexicano ideal para margaritas.	🍋	f	\N	0
10	Gin Clásico London Dry	11000	Base perfecta para un Gin Tonic tradicional.	🍸	f	\N	0
11	Whisky Single Malt 18 Años	85000	Añejado en barricas de roble europeo. Notas a madera y humo.	🥃	t	\N	0
13	Vodka Premium Ruso	45000	Filtrado 5 veces con cuarzo y carbón de abedul.	🍸	t	\N	0
14	Champagne Francés Vintage	120000	Cosecha excepcional con burbuja fina y persistente.	🍾	t	\N	0
15	Tequila Añejo Cristalino	60000	100% Agave azul, extrema suavidad y elegancia.	🥂	t	\N	0
16	Cognac XO Reserve	150000	Mezcla de los mejores aguardientes de uva francesa.	🥃	t	\N	0
17	Vino Ícono Valle de Colchagua	95000	Ensamblaje tinto de calidad mundial, ganador de premios.	🍷	t	\N	0
18	Gin Botánico Ultra Premium	48000	Destilado con 47 botánicos seleccionados a mano.	🍸	t	\N	0
19	Ron Gran Reserva 21 Años	75000	Añejamiento prolongado, notas a cacao y tabaco dulce.	🍹	t	\N	0
20	Pisco Premium Envejecido	35000	Doble destilado reposado en barricas de roble americano.	🧊	t	\N	0
12	Whisky Blue Label Premium	210000	La mezcla más exclusiva y extraordinaria de Escocia.	🥃	t	productos/Gemini_Generated_Image_c0ue6gc0ue6gc0ue.png	0
1	Cerveza Lager 6-Pack	4500	Clásica cerveza rubia, muy refrescante.	🍺	f	productos/Gemini_Generated_Image_1pxy8b1pxy8b1pxy.png	-2
3	Vodka Estándar	7990	Destilado puro, ideal para coctelería y mezclas.	🍸	f	productos/Gemini_Generated_Image_y7wa34y7wa34y7wa.png	-1
2	Cerveza IPA Artesanal	6500	Amargor intenso con notas cítricas y florales.	🍺	f	productos/Gemini_Generated_Image_net5e6net5e6net5.png	0
6	Vino Cabernet Sauvignon	4200	Vino tinto joven del Valle Central.	🍷	f		0
\.


--
-- Data for Name: django_admin_log; Type: TABLE DATA; Schema: public; Owner: ecommerce_admin
--

COPY public.django_admin_log (id, action_time, object_id, object_repr, action_flag, change_message, content_type_id, user_id) FROM stdin;
1	2026-02-26 15:46:43.557409-03	1	🍺 Básico | Cerveza Lager 6-Pack	2	[{"changed": {"fields": ["Imagen"]}}]	7	1
2	2026-02-26 15:48:22.901186-03	3	🍺 Básico | Vodka Estándar	2	[{"changed": {"fields": ["Imagen"]}}]	7	1
3	2026-02-26 16:00:17.32159-03	12	[0] 💎 VIP | Whisky Blue Label Premium	2	[{"changed": {"fields": ["Imagen"]}}]	7	1
4	2026-02-26 16:05:51.889179-03	1	[-2] 🍺 Básico | Cerveza Lager 6-Pack	2	[{"changed": {"fields": ["Orden"]}}]	7	1
5	2026-02-26 16:05:51.890644-03	3	[-1] 🍺 Básico | Vodka Estándar	2	[{"changed": {"fields": ["Orden"]}}]	7	1
6	2026-02-26 16:09:44.2882-03	2	[0] 🍺 Básico | Cerveza IPA Artesanal	2	[{"changed": {"fields": ["Imagen"]}}]	7	1
7	2026-02-26 19:42:56.049289-03	6	[-5] 🍺 Básico | Vino Cabernet Sauvignon	2	[{"changed": {"fields": ["Orden"]}}]	7	1
8	2026-02-26 20:04:52.766556-03	3	user2	1	[{"added": {}}]	4	1
9	2026-02-26 20:05:35.685597-03	3	user2	2	[{"changed": {"fields": ["User permissions"]}}]	4	1
10	2026-02-26 20:18:41.150652-03	3	user2	2	[{"changed": {"fields": ["User permissions"]}}]	4	1
11	2026-02-27 01:15:53.081992-03	6	[0] 🍺 Básico | Vino Cabernet Sauvignon	2	[{"changed": {"fields": ["Orden"]}}]	7	1
12	2026-02-27 02:33:19.349231-03	1	Carrito de admin	2	[{"changed": {"name": "Item del Carrito", "object": "5x Cerveza Lager 6-Pack", "fields": ["Cantidad"]}}]	8	1
\.


--
-- Data for Name: django_content_type; Type: TABLE DATA; Schema: public; Owner: ecommerce_admin
--

COPY public.django_content_type (id, app_label, model) FROM stdin;
1	admin	logentry
2	auth	group
3	auth	permission
4	auth	user
5	contenttypes	contenttype
6	sessions	session
7	core	producto
8	core	carrito
9	core	itemcarrito
\.


--
-- Data for Name: django_migrations; Type: TABLE DATA; Schema: public; Owner: ecommerce_admin
--

COPY public.django_migrations (id, app, name, applied) FROM stdin;
1	contenttypes	0001_initial	2026-02-25 21:08:11.19157-03
2	auth	0001_initial	2026-02-25 21:08:11.278701-03
3	admin	0001_initial	2026-02-25 21:08:11.304622-03
4	admin	0002_logentry_remove_auto_add	2026-02-25 21:08:11.317461-03
5	admin	0003_logentry_add_action_flag_choices	2026-02-25 21:08:11.331732-03
6	contenttypes	0002_remove_content_type_name	2026-02-25 21:08:11.355934-03
7	auth	0002_alter_permission_name_max_length	2026-02-25 21:08:11.369664-03
8	auth	0003_alter_user_email_max_length	2026-02-25 21:08:11.383945-03
9	auth	0004_alter_user_username_opts	2026-02-25 21:08:11.400028-03
10	auth	0005_alter_user_last_login_null	2026-02-25 21:08:11.411-03
11	auth	0006_require_contenttypes_0002	2026-02-25 21:08:11.414068-03
12	auth	0007_alter_validators_add_error_messages	2026-02-25 21:08:11.424515-03
13	auth	0008_alter_user_username_max_length	2026-02-25 21:08:11.440246-03
14	auth	0009_alter_user_last_name_max_length	2026-02-25 21:08:11.453662-03
15	auth	0010_alter_group_name_max_length	2026-02-25 21:08:11.466194-03
16	auth	0011_update_proxy_permissions	2026-02-25 21:08:11.477423-03
17	auth	0012_alter_user_first_name_max_length	2026-02-25 21:08:11.490057-03
18	sessions	0001_initial	2026-02-25 21:08:11.501881-03
19	core	0001_initial	2026-02-25 22:16:30.032365-03
20	core	0002_producto_imagen_alter_producto_es_vip_and_more	2026-02-26 15:20:15.710998-03
21	core	0003_alter_producto_options_producto_orden	2026-02-26 15:56:58.362104-03
22	core	0004_carrito_itemcarrito	2026-02-27 02:10:40.740126-03
\.


--
-- Data for Name: django_session; Type: TABLE DATA; Schema: public; Owner: ecommerce_admin
--

COPY public.django_session (session_key, session_data, expire_date) FROM stdin;
qpazdn944msry534k8u0t4ha6ul7m5p3	.eJxVjMsOgjAQAP9lz6bpg9IuR-9-A9ltt4IamlA4Gf_dkHDQ68xk3jDSvk3j3mQd5wwDGLj8Mqb0lOUQ-UHLvapUl22dWR2JOm1Tt5rldT3bv8FEbYIBOAbtvOkFudN98C7EhN4g6VA0ecMGYwwoYkvkZPukuyzBWiyOxBSEzxe0tTcr:1vvqlJ:PQ2CNP3yBkWOb1WSDvyJ4AehFQkKskymjG0RsUkoe30	2026-03-13 02:51:41.072503-03
vjg3ti2bqq6sj2i76cpf96trlu4sbyvo	.eJxVjMsOgjAQAP9lz6bpg9IuR-9-A9ltt4IamlA4Gf_dkHDQ68xk3jDSvk3j3mQd5wwDGLj8Mqb0lOUQ-UHLvapUl22dWR2JOm1Tt5rldT3bv8FEbYIBOAbtvOkFudN98C7EhN4g6VA0ecMGYwwoYkvkZPukuyzBWiyOxBSEzxe0tTcr:1vwUSu:z0t3urZln21X7VlZgE4lxdraLI21b4oBflMXsBLrnbI	2026-03-14 21:15:20.324858-03
a45htirqmuvwulnomaxi749u5j27iun4	.eJxVjMsOgjAQAP9lz6bpg9IuR-9-A9ltt4IamlA4Gf_dkHDQ68xk3jDSvk3j3mQd5wwDGLj8Mqb0lOUQ-UHLvapUl22dWR2JOm1Tt5rldT3bv8FEbYIBOAbtvOkFudN98C7EhN4g6VA0ecMGYwwoYkvkZPukuyzBWiyOxBSEzxe0tTcr:1vxZf3:r0JlJGVFEMOjKNF05T3X8-Io1WwZRP91NlCyPd_JF7I	2026-03-17 21:00:21.240737-03
\.


--
-- Name: auth_group_id_seq; Type: SEQUENCE SET; Schema: public; Owner: ecommerce_admin
--

SELECT pg_catalog.setval('public.auth_group_id_seq', 1, false);


--
-- Name: auth_group_permissions_id_seq; Type: SEQUENCE SET; Schema: public; Owner: ecommerce_admin
--

SELECT pg_catalog.setval('public.auth_group_permissions_id_seq', 1, false);


--
-- Name: auth_permission_id_seq; Type: SEQUENCE SET; Schema: public; Owner: ecommerce_admin
--

SELECT pg_catalog.setval('public.auth_permission_id_seq', 36, true);


--
-- Name: auth_user_groups_id_seq; Type: SEQUENCE SET; Schema: public; Owner: ecommerce_admin
--

SELECT pg_catalog.setval('public.auth_user_groups_id_seq', 1, false);


--
-- Name: auth_user_id_seq; Type: SEQUENCE SET; Schema: public; Owner: ecommerce_admin
--

SELECT pg_catalog.setval('public.auth_user_id_seq', 3, true);


--
-- Name: auth_user_user_permissions_id_seq; Type: SEQUENCE SET; Schema: public; Owner: ecommerce_admin
--

SELECT pg_catalog.setval('public.auth_user_user_permissions_id_seq', 28, true);


--
-- Name: core_carrito_id_seq; Type: SEQUENCE SET; Schema: public; Owner: ecommerce_admin
--

SELECT pg_catalog.setval('public.core_carrito_id_seq', 1, true);


--
-- Name: core_itemcarrito_id_seq; Type: SEQUENCE SET; Schema: public; Owner: ecommerce_admin
--

SELECT pg_catalog.setval('public.core_itemcarrito_id_seq', 2, true);


--
-- Name: core_producto_id_seq; Type: SEQUENCE SET; Schema: public; Owner: ecommerce_admin
--

SELECT pg_catalog.setval('public.core_producto_id_seq', 26, true);


--
-- Name: django_admin_log_id_seq; Type: SEQUENCE SET; Schema: public; Owner: ecommerce_admin
--

SELECT pg_catalog.setval('public.django_admin_log_id_seq', 12, true);


--
-- Name: django_content_type_id_seq; Type: SEQUENCE SET; Schema: public; Owner: ecommerce_admin
--

SELECT pg_catalog.setval('public.django_content_type_id_seq', 9, true);


--
-- Name: django_migrations_id_seq; Type: SEQUENCE SET; Schema: public; Owner: ecommerce_admin
--

SELECT pg_catalog.setval('public.django_migrations_id_seq', 22, true);


--
-- Name: auth_group auth_group_name_key; Type: CONSTRAINT; Schema: public; Owner: ecommerce_admin
--

ALTER TABLE ONLY public.auth_group
    ADD CONSTRAINT auth_group_name_key UNIQUE (name);


--
-- Name: auth_group_permissions auth_group_permissions_group_id_permission_id_0cd325b0_uniq; Type: CONSTRAINT; Schema: public; Owner: ecommerce_admin
--

ALTER TABLE ONLY public.auth_group_permissions
    ADD CONSTRAINT auth_group_permissions_group_id_permission_id_0cd325b0_uniq UNIQUE (group_id, permission_id);


--
-- Name: auth_group_permissions auth_group_permissions_pkey; Type: CONSTRAINT; Schema: public; Owner: ecommerce_admin
--

ALTER TABLE ONLY public.auth_group_permissions
    ADD CONSTRAINT auth_group_permissions_pkey PRIMARY KEY (id);


--
-- Name: auth_group auth_group_pkey; Type: CONSTRAINT; Schema: public; Owner: ecommerce_admin
--

ALTER TABLE ONLY public.auth_group
    ADD CONSTRAINT auth_group_pkey PRIMARY KEY (id);


--
-- Name: auth_permission auth_permission_content_type_id_codename_01ab375a_uniq; Type: CONSTRAINT; Schema: public; Owner: ecommerce_admin
--

ALTER TABLE ONLY public.auth_permission
    ADD CONSTRAINT auth_permission_content_type_id_codename_01ab375a_uniq UNIQUE (content_type_id, codename);


--
-- Name: auth_permission auth_permission_pkey; Type: CONSTRAINT; Schema: public; Owner: ecommerce_admin
--

ALTER TABLE ONLY public.auth_permission
    ADD CONSTRAINT auth_permission_pkey PRIMARY KEY (id);


--
-- Name: auth_user_groups auth_user_groups_pkey; Type: CONSTRAINT; Schema: public; Owner: ecommerce_admin
--

ALTER TABLE ONLY public.auth_user_groups
    ADD CONSTRAINT auth_user_groups_pkey PRIMARY KEY (id);


--
-- Name: auth_user_groups auth_user_groups_user_id_group_id_94350c0c_uniq; Type: CONSTRAINT; Schema: public; Owner: ecommerce_admin
--

ALTER TABLE ONLY public.auth_user_groups
    ADD CONSTRAINT auth_user_groups_user_id_group_id_94350c0c_uniq UNIQUE (user_id, group_id);


--
-- Name: auth_user auth_user_pkey; Type: CONSTRAINT; Schema: public; Owner: ecommerce_admin
--

ALTER TABLE ONLY public.auth_user
    ADD CONSTRAINT auth_user_pkey PRIMARY KEY (id);


--
-- Name: auth_user_user_permissions auth_user_user_permissions_pkey; Type: CONSTRAINT; Schema: public; Owner: ecommerce_admin
--

ALTER TABLE ONLY public.auth_user_user_permissions
    ADD CONSTRAINT auth_user_user_permissions_pkey PRIMARY KEY (id);


--
-- Name: auth_user_user_permissions auth_user_user_permissions_user_id_permission_id_14a6b632_uniq; Type: CONSTRAINT; Schema: public; Owner: ecommerce_admin
--

ALTER TABLE ONLY public.auth_user_user_permissions
    ADD CONSTRAINT auth_user_user_permissions_user_id_permission_id_14a6b632_uniq UNIQUE (user_id, permission_id);


--
-- Name: auth_user auth_user_username_key; Type: CONSTRAINT; Schema: public; Owner: ecommerce_admin
--

ALTER TABLE ONLY public.auth_user
    ADD CONSTRAINT auth_user_username_key UNIQUE (username);


--
-- Name: core_carrito core_carrito_pkey; Type: CONSTRAINT; Schema: public; Owner: ecommerce_admin
--

ALTER TABLE ONLY public.core_carrito
    ADD CONSTRAINT core_carrito_pkey PRIMARY KEY (id);


--
-- Name: core_carrito core_carrito_usuario_id_key; Type: CONSTRAINT; Schema: public; Owner: ecommerce_admin
--

ALTER TABLE ONLY public.core_carrito
    ADD CONSTRAINT core_carrito_usuario_id_key UNIQUE (usuario_id);


--
-- Name: core_itemcarrito core_itemcarrito_carrito_id_producto_id_697214cc_uniq; Type: CONSTRAINT; Schema: public; Owner: ecommerce_admin
--

ALTER TABLE ONLY public.core_itemcarrito
    ADD CONSTRAINT core_itemcarrito_carrito_id_producto_id_697214cc_uniq UNIQUE (carrito_id, producto_id);


--
-- Name: core_itemcarrito core_itemcarrito_pkey; Type: CONSTRAINT; Schema: public; Owner: ecommerce_admin
--

ALTER TABLE ONLY public.core_itemcarrito
    ADD CONSTRAINT core_itemcarrito_pkey PRIMARY KEY (id);


--
-- Name: core_producto core_producto_pkey; Type: CONSTRAINT; Schema: public; Owner: ecommerce_admin
--

ALTER TABLE ONLY public.core_producto
    ADD CONSTRAINT core_producto_pkey PRIMARY KEY (id);


--
-- Name: django_admin_log django_admin_log_pkey; Type: CONSTRAINT; Schema: public; Owner: ecommerce_admin
--

ALTER TABLE ONLY public.django_admin_log
    ADD CONSTRAINT django_admin_log_pkey PRIMARY KEY (id);


--
-- Name: django_content_type django_content_type_app_label_model_76bd3d3b_uniq; Type: CONSTRAINT; Schema: public; Owner: ecommerce_admin
--

ALTER TABLE ONLY public.django_content_type
    ADD CONSTRAINT django_content_type_app_label_model_76bd3d3b_uniq UNIQUE (app_label, model);


--
-- Name: django_content_type django_content_type_pkey; Type: CONSTRAINT; Schema: public; Owner: ecommerce_admin
--

ALTER TABLE ONLY public.django_content_type
    ADD CONSTRAINT django_content_type_pkey PRIMARY KEY (id);


--
-- Name: django_migrations django_migrations_pkey; Type: CONSTRAINT; Schema: public; Owner: ecommerce_admin
--

ALTER TABLE ONLY public.django_migrations
    ADD CONSTRAINT django_migrations_pkey PRIMARY KEY (id);


--
-- Name: django_session django_session_pkey; Type: CONSTRAINT; Schema: public; Owner: ecommerce_admin
--

ALTER TABLE ONLY public.django_session
    ADD CONSTRAINT django_session_pkey PRIMARY KEY (session_key);


--
-- Name: auth_group_name_a6ea08ec_like; Type: INDEX; Schema: public; Owner: ecommerce_admin
--

CREATE INDEX auth_group_name_a6ea08ec_like ON public.auth_group USING btree (name varchar_pattern_ops);


--
-- Name: auth_group_permissions_group_id_b120cbf9; Type: INDEX; Schema: public; Owner: ecommerce_admin
--

CREATE INDEX auth_group_permissions_group_id_b120cbf9 ON public.auth_group_permissions USING btree (group_id);


--
-- Name: auth_group_permissions_permission_id_84c5c92e; Type: INDEX; Schema: public; Owner: ecommerce_admin
--

CREATE INDEX auth_group_permissions_permission_id_84c5c92e ON public.auth_group_permissions USING btree (permission_id);


--
-- Name: auth_permission_content_type_id_2f476e4b; Type: INDEX; Schema: public; Owner: ecommerce_admin
--

CREATE INDEX auth_permission_content_type_id_2f476e4b ON public.auth_permission USING btree (content_type_id);


--
-- Name: auth_user_groups_group_id_97559544; Type: INDEX; Schema: public; Owner: ecommerce_admin
--

CREATE INDEX auth_user_groups_group_id_97559544 ON public.auth_user_groups USING btree (group_id);


--
-- Name: auth_user_groups_user_id_6a12ed8b; Type: INDEX; Schema: public; Owner: ecommerce_admin
--

CREATE INDEX auth_user_groups_user_id_6a12ed8b ON public.auth_user_groups USING btree (user_id);


--
-- Name: auth_user_user_permissions_permission_id_1fbb5f2c; Type: INDEX; Schema: public; Owner: ecommerce_admin
--

CREATE INDEX auth_user_user_permissions_permission_id_1fbb5f2c ON public.auth_user_user_permissions USING btree (permission_id);


--
-- Name: auth_user_user_permissions_user_id_a95ead1b; Type: INDEX; Schema: public; Owner: ecommerce_admin
--

CREATE INDEX auth_user_user_permissions_user_id_a95ead1b ON public.auth_user_user_permissions USING btree (user_id);


--
-- Name: auth_user_username_6821ab7c_like; Type: INDEX; Schema: public; Owner: ecommerce_admin
--

CREATE INDEX auth_user_username_6821ab7c_like ON public.auth_user USING btree (username varchar_pattern_ops);


--
-- Name: core_itemcarrito_carrito_id_427071c4; Type: INDEX; Schema: public; Owner: ecommerce_admin
--

CREATE INDEX core_itemcarrito_carrito_id_427071c4 ON public.core_itemcarrito USING btree (carrito_id);


--
-- Name: core_itemcarrito_producto_id_eea3400e; Type: INDEX; Schema: public; Owner: ecommerce_admin
--

CREATE INDEX core_itemcarrito_producto_id_eea3400e ON public.core_itemcarrito USING btree (producto_id);


--
-- Name: django_admin_log_content_type_id_c4bce8eb; Type: INDEX; Schema: public; Owner: ecommerce_admin
--

CREATE INDEX django_admin_log_content_type_id_c4bce8eb ON public.django_admin_log USING btree (content_type_id);


--
-- Name: django_admin_log_user_id_c564eba6; Type: INDEX; Schema: public; Owner: ecommerce_admin
--

CREATE INDEX django_admin_log_user_id_c564eba6 ON public.django_admin_log USING btree (user_id);


--
-- Name: django_session_expire_date_a5c62663; Type: INDEX; Schema: public; Owner: ecommerce_admin
--

CREATE INDEX django_session_expire_date_a5c62663 ON public.django_session USING btree (expire_date);


--
-- Name: django_session_session_key_c0390e0f_like; Type: INDEX; Schema: public; Owner: ecommerce_admin
--

CREATE INDEX django_session_session_key_c0390e0f_like ON public.django_session USING btree (session_key varchar_pattern_ops);


--
-- Name: auth_group_permissions auth_group_permissio_permission_id_84c5c92e_fk_auth_perm; Type: FK CONSTRAINT; Schema: public; Owner: ecommerce_admin
--

ALTER TABLE ONLY public.auth_group_permissions
    ADD CONSTRAINT auth_group_permissio_permission_id_84c5c92e_fk_auth_perm FOREIGN KEY (permission_id) REFERENCES public.auth_permission(id) DEFERRABLE INITIALLY DEFERRED;


--
-- Name: auth_group_permissions auth_group_permissions_group_id_b120cbf9_fk_auth_group_id; Type: FK CONSTRAINT; Schema: public; Owner: ecommerce_admin
--

ALTER TABLE ONLY public.auth_group_permissions
    ADD CONSTRAINT auth_group_permissions_group_id_b120cbf9_fk_auth_group_id FOREIGN KEY (group_id) REFERENCES public.auth_group(id) DEFERRABLE INITIALLY DEFERRED;


--
-- Name: auth_permission auth_permission_content_type_id_2f476e4b_fk_django_co; Type: FK CONSTRAINT; Schema: public; Owner: ecommerce_admin
--

ALTER TABLE ONLY public.auth_permission
    ADD CONSTRAINT auth_permission_content_type_id_2f476e4b_fk_django_co FOREIGN KEY (content_type_id) REFERENCES public.django_content_type(id) DEFERRABLE INITIALLY DEFERRED;


--
-- Name: auth_user_groups auth_user_groups_group_id_97559544_fk_auth_group_id; Type: FK CONSTRAINT; Schema: public; Owner: ecommerce_admin
--

ALTER TABLE ONLY public.auth_user_groups
    ADD CONSTRAINT auth_user_groups_group_id_97559544_fk_auth_group_id FOREIGN KEY (group_id) REFERENCES public.auth_group(id) DEFERRABLE INITIALLY DEFERRED;


--
-- Name: auth_user_groups auth_user_groups_user_id_6a12ed8b_fk_auth_user_id; Type: FK CONSTRAINT; Schema: public; Owner: ecommerce_admin
--

ALTER TABLE ONLY public.auth_user_groups
    ADD CONSTRAINT auth_user_groups_user_id_6a12ed8b_fk_auth_user_id FOREIGN KEY (user_id) REFERENCES public.auth_user(id) DEFERRABLE INITIALLY DEFERRED;


--
-- Name: auth_user_user_permissions auth_user_user_permi_permission_id_1fbb5f2c_fk_auth_perm; Type: FK CONSTRAINT; Schema: public; Owner: ecommerce_admin
--

ALTER TABLE ONLY public.auth_user_user_permissions
    ADD CONSTRAINT auth_user_user_permi_permission_id_1fbb5f2c_fk_auth_perm FOREIGN KEY (permission_id) REFERENCES public.auth_permission(id) DEFERRABLE INITIALLY DEFERRED;


--
-- Name: auth_user_user_permissions auth_user_user_permissions_user_id_a95ead1b_fk_auth_user_id; Type: FK CONSTRAINT; Schema: public; Owner: ecommerce_admin
--

ALTER TABLE ONLY public.auth_user_user_permissions
    ADD CONSTRAINT auth_user_user_permissions_user_id_a95ead1b_fk_auth_user_id FOREIGN KEY (user_id) REFERENCES public.auth_user(id) DEFERRABLE INITIALLY DEFERRED;


--
-- Name: core_carrito core_carrito_usuario_id_9eafcb26_fk_auth_user_id; Type: FK CONSTRAINT; Schema: public; Owner: ecommerce_admin
--

ALTER TABLE ONLY public.core_carrito
    ADD CONSTRAINT core_carrito_usuario_id_9eafcb26_fk_auth_user_id FOREIGN KEY (usuario_id) REFERENCES public.auth_user(id) DEFERRABLE INITIALLY DEFERRED;


--
-- Name: core_itemcarrito core_itemcarrito_carrito_id_427071c4_fk_core_carrito_id; Type: FK CONSTRAINT; Schema: public; Owner: ecommerce_admin
--

ALTER TABLE ONLY public.core_itemcarrito
    ADD CONSTRAINT core_itemcarrito_carrito_id_427071c4_fk_core_carrito_id FOREIGN KEY (carrito_id) REFERENCES public.core_carrito(id) DEFERRABLE INITIALLY DEFERRED;


--
-- Name: core_itemcarrito core_itemcarrito_producto_id_eea3400e_fk_core_producto_id; Type: FK CONSTRAINT; Schema: public; Owner: ecommerce_admin
--

ALTER TABLE ONLY public.core_itemcarrito
    ADD CONSTRAINT core_itemcarrito_producto_id_eea3400e_fk_core_producto_id FOREIGN KEY (producto_id) REFERENCES public.core_producto(id) DEFERRABLE INITIALLY DEFERRED;


--
-- Name: django_admin_log django_admin_log_content_type_id_c4bce8eb_fk_django_co; Type: FK CONSTRAINT; Schema: public; Owner: ecommerce_admin
--

ALTER TABLE ONLY public.django_admin_log
    ADD CONSTRAINT django_admin_log_content_type_id_c4bce8eb_fk_django_co FOREIGN KEY (content_type_id) REFERENCES public.django_content_type(id) DEFERRABLE INITIALLY DEFERRED;


--
-- Name: django_admin_log django_admin_log_user_id_c564eba6_fk_auth_user_id; Type: FK CONSTRAINT; Schema: public; Owner: ecommerce_admin
--

ALTER TABLE ONLY public.django_admin_log
    ADD CONSTRAINT django_admin_log_user_id_c564eba6_fk_auth_user_id FOREIGN KEY (user_id) REFERENCES public.auth_user(id) DEFERRABLE INITIALLY DEFERRED;


--
-- Name: SCHEMA public; Type: ACL; Schema: -; Owner: pg_database_owner
--

GRANT ALL ON SCHEMA public TO ecommerce_admin;


--
-- PostgreSQL database dump complete
--

\unrestrict eLWY2aVUSS2crHBuzB5jy16byavvYpOvEDSElVdxVn3uoBHCII2TR85iSjB10T5

